Name of NGO,Cause,Address
Aashwasan Foundation,Health & Family Welfare,"405, 3 A cross, HRBR Layout, 2nd Block"
Ashwini Charitable Trust,Labour & Employment,"No.3, St.John’s Road Cross (near Ulsoor Lake) Ulsoor"
"Best Practices Education, Training & Research Foundation",Women's Development & Empowerment,No.1 Palmgrove Road Victoria Layout
Brahmi Educational and Cultural Trust,Education,"Desapandeguttahalli, Tattanur Village Kalkunte Post, Via- Kadugodi"
Development Focus,Education,"917, 9th B Main 3rd C Cross, Kalyan Nagar"
Dharithree Trust,Children,"Dharithree Trust No.46, 1st Main, Gayathridevi Park, Near TTD Temple, Vyalikaval"
Dream a Dream,Children,"#398/E, 17th Cross, 9th Main, 3rd Block, Jayanagar"
Evidyaloka Trust,Education,"#122, 4th Cross Rd, KAS Officers Colony, BTM Layout, 2nd Stage 35th Main"
Give Foundation,Labour & Employment,"First Floor, C3, 5th Block, MCHS Layout, Sector 6, HSR Layout"
GoSports Foundation,Education,"No. 60, Oorve, Muni Marappa Road, Off Nandi Durga Road"
Guardians of Dreams,Children,"No. 8, New Friend's Colony, 11th Main, 8th Cross, ST Bed Layout Koramangala"
Indian Society for Performers & Teachers of Dance,Children,"C/O Energy Fitness, Ursu Bhavan Jasma Bhavan Road, Vasanthanagar,"
Mantra Social Services,Education,"229, 39 C Cross, 9th Main Road Jayanagar 5th block"
Margadarshi - The Association for Physically Challenged,Education,"75/6., Hulkul Complex Lalbagh Road"
Mobility India,Children,"MOBILITY INDIA, 1st & 1st â€˜Aâ€™ Cross, J.P.Nagar 2nd Phase, 560078"
Need Base India,Education,"No. 41, 3rd Cross, Opposite to Govt. School, Behind Surbhi Stores, Jalahalli Village,"
Rehabilitative Assistance for People In Distress,Women's Development & Empowerment,"Govind Niwas, Opp Karnataka Bank Station Road, Malamaddi"
Sambhav Foundation,Education,"#12, 1st Main, 3rd stage, Vinayaka Layout, Vijayanagar"
Shanti Bhavan Educational Trust,Education,"#502, 5 C Main, 5th Cross, 2nd Block HRBR Layout, Kalyananagar"
Society for Assistance to Children in Difficult Situation,Education,"36, Ratna Forever Buidling, 4th Floor, 1st Cross, Model Colony, Above New Bescom Office, Yeshwanthpur,Bengaluru"
Sri Keshava Trust ( Vittala International Institute of Ophthalmology),Health & Family Welfare,"504, 40th cross Jayanagar 8th Block"
Swasti,Health & Family Welfare,"H. No. 41, 1st Main, 1st Cross, Ashwathnagar, Behind Govt. High School"
The Association of People with Disability,Rural Development & Poverty Alleviation,"6th Cross, Hutchins Road, Off Hennur Main Road Lingarajpuram, St Thomas Town Post"
The Baale Mane Trust,Education,"No 121, Gopalapura Railway Gollahalli Post"
The Nudge Foundation,Labour & Employment,"C9, 1st C Main Road, MCHS Colony Sector 6, HSR Layout"
Tropical Research And Development Centre,Children,"67, Ground Floor, Ist Main, 3rd Cross,14th Block, Nagarbhavi II stage,Bengaluru-560072"
Vaani,Education,"No. 801, 2A Cross, 8th Main HRBR 1st Block, Kalyan Nagar"
Vidyaranya,Education,"Mandur (Via) Virgonagar,Bengaluru East Taluk"
Vishwas Trust,Education,"G-9, Ramanshree Chambers 
37 Lady Curzon Road,"
Yuva Bengaluru,Education,"Yuva Global Foundation, No. 84, 1st Floor, 6th Cross, Coconut Avenue Road, Malleswaram,Bengaluru -560003"
Aashrita Charitable Trust,Rural Development & Poverty Alleviation,"Aashrita Charitable Trust , No 2618 9 th Cross 14 th Main , E Block Sahakaranagara,Bengaluru -560092"
Abalashram,Women's Development & Empowerment,"Abalashram, 125-6 Dr D V G Road, Basavanagudi,Bengaluru 560 004"
Abhinaya Ranga Kendra,Health & Family Welfare,"ABHINAYA RANGA KENDRA KARANATKA , No:519, 12th A cross, vignshwaranagar, Vishwaneedam Post, Sunkadakatte,Bengaluru-560 091. Karnataka."
Abilashrayam Trust,Children,No 373 2nd cross muniswamappa layout opp to kodigehalli railway stationBengaluru - 560092
Accept Society,Children,"ACCEPT, No: 245, KRC Road, Next to Visthar, Dodda Gubbi P O,Bengaluru, Karnataka, Pin code - 562 149"
Accomplish India,Children,"Accomplish India, 4, 324/62, Bellary Main Road, Ganganagar, Near CBI Office.,Bengaluru â€“ 560032"
Aids Jagruthi Mahila Sangha,Health & Family Welfare,"AIDS JAGTRUTHI MAHILA SANGHA, Plot No.22&25, Apeksha Building, Maruthi Colony, Athani Road Vijaypur- 586101"
Akshara Foundation,Children,"AKSHARA FOUNDATION, No.633/634, 4th â€œCâ€ Main, 6th Cross, OBMR Layout, Banaswadi, ,Bengaluru â€“ 560043"
Aksharam Charitable Ffoundation,Women's Development & Empowerment,"3305 RANGASHREE , 10TH MAIN,4TH BLOCK , JAYANAGAR"
All India Childrens Welfare Foundation,Children,"15/1 , Appajappa Agrahara , 3rd main , Chamarajapet,Bengaluru-560018"
Al Yameen Educational Charitable Trust,Children,"Door No. 6/1, Old Street, Ashok Nagar,Bengaluru - 560025"
Am Foundation,Health & Family Welfare,"13, Gandhinagar, Kaggalipura, Kanakapura Main Road"
Amicabes Ngo,Drinking Water,AMICABES NGO H NO 17-4-159 SHIVAGANGA NILAYA AGRICLTURE COLONY OPP SHIVKUMAR SWAMY GUMPPA MANHALLI ROAD BIDAR 585403
Ammanni Charitable Trust,Rural Development & Poverty Alleviation,"No.284, 34th cross, 9th Main Road, 4th Block, Jayanagar,Bengaluru 560011"
Ammanni Charitable Trust,Women's Development & Empowerment,"No.284, 34th Cross, 9th Main Road, 4th Block, Jayanagar,Bengaluru 560011"
Amrutrhavahini Public And Charitable Trust,Health & Family Welfare,"No 6/1, 6th cross(left), magadi road,Bengaluru-560023"
Ananta Education Society,Children,"XIBMS, 906 , 9th Floor, B-Wing,], Mittal Towers, M.G. Road, 560001"
Ananyakalaniketana,Vocational Training,"3/49-1 kalashree, 3rd main new kempegowda layout bsk 3rd stage kathriguppe,Bengaluru, KARNATAKA 560085, India"
Anyuta Trust,Health & Family Welfare,"Dr.N. Ravindra shetty65.Lavelle road, 4th Cross,Bengaluru 560001"
Arha Arogya Healthcare Associates,Health & Family Welfare,No 101 70th Cross 5th block Rajajinagar
Ar Social Welfare Development Trust,Health & Family Welfare,275/3c Ibrahim Sabeh Stree Rashad Nagar Arabic College PostBengaluru-560045
Arundhati Educational Trust,Dalit Upliftment,"No.638, 2nd Block, 3rd Stage, Basaveshwaranagar, Near Pushpanjali Theatre,Bengaluru - 560079."
Arunodaya Integrated Community Development Society R Banglaore,Rural Development & Poverty Alleviation,"ARUNODAYA INTEGRATED COMMUNITY DEVELOPMENT SOCIETY REGBengaluru, NO. 1/1 1ST FLOOR 1ST CROSS MARENAHALLI VIJAYANAGARABengaluru 560040"
ArunodyaintegratedcommunitydevelopmentsocietyBengaluru,Drinking Water,"ARUNODAYA INTEGRATED COMMUNITY DEVELOPMENT SOCIETY (R)Bengaluru, NO 1/1, 1ST MAIN, MARENAHALLI VIJAYANAGARABengaluru-560040"
Ashraya,Children,"Ashraya, No 8 Bloomfield Garden Bus Stop, Ramachandrapura Main Road, Vidyaranyapura"
Ashwini Priyadarshini Rural Development Social Educational And Health Organisation Karnataka,Children,"ASHWINI PRIYADARSHINI RUARL DEVELOPMENT SOCIAL EDUCATIONAL AND HEALTH ORGANISATION KARNATAKA, shri Ramakrishna Nursing Home Building Behind PWD quator"
Association For Promoting Social Action Apsa,Children,"Association for Promoting Social Action, Nammane, No 34 Annasandrapalya, Vimanapura PostBengaluru 560 017"
Association For Social Health In India Karnataka,Children,"Association For Social Health In India ,Abhayashrama,4th Cross,Wilson Garden,Bengaluru-560027,Karnataka"
Associationof Women E Ntrepreneurs Ofka Rnataka,Urban Development & Poverty Alleviation,"B-76,KSSIDC Industrial Estate,Ra jajiNagar Banga lore"
As We Trust,Women's Development & Empowerment,"No.1444, Subodha, Ist Main Road, Nagappa Block,Bengaluru - 21"
Ayathi Trust,Children,10B SOBHA EMERALD JAKKUR YELAHANKA
Basileia Charitable Trust,Children,"NO:171/1, 2ND CROSS, BEHIND A.N VESSELS , RAMAMURTHY NAGAR MAIN ROAD .Bengaluru"
Belaku Charitable Society,Health & Family Welfare,"21/1,2nd cross,R.V.Shetty lay-out, Sheshadri puramBengaluru 560020."
Bengaluru Baptist Hospital Society,Health & Family Welfare,"Bengaluru Baptist Hospital , Bellary Road, Hebbal"
Bharath Gyan Vigyan Samithi,Children,"Bharath gyan vigyan samithi, C/o Electrochemical society of India, Indian Institute of Science campus, Bengaluru-560012"
Bhashantara Samshodane Matu Tarabethi SamstheBengaluru,Vocational Training,"Venkatesh R Sakre, Translation Organisation, No 2818, 1 Floor, 12 Main, 1 Cross, Near Mariyappana Palya Kuvempu Road Metro Station, 2nd Stage, D Block"
Bhoruka Charitable Trust,Children,"No. 39/1, Chandrashekar Nivasa, 2nd Floor, Sannidhi Road, Opp. Corporation hospital, Basavangudi,Bengaluru- 560 004"
Bhudda Rural Education And Development Services Trust,Rural Development & Poverty Alleviation,"C/o Jnana BHarathi Convent, Vidya Nagara Near Ganapathi Temple Karekallahalli Gauribidanur town Chikkabalapur dist pin-561208"
Biocon Foundation,Children,"Biocon Foundation, 20th KM, Hosur Road, , Electronic City, ,Bengaluru - 560100"
Bosco,Children,"BOSCO Yuvodaya, No 91, B Street,6th Cross, Gandhinagar,Bengaluru 560009"
Cauvery Rural Development Society,Rural Development & Poverty Alleviation,"Cauvery campus, 23rd ward,Bagepalli Town, Bagepalli Taluk,ChikkaballapurDistrict, Karnataka"
Ccc Shanthi Nilaya Community Health Care Centre,Health & Family Welfare,"CCC Shanti Nilaya Community Health Care Centre, , T.C.Palaya, K.R.Puram, ,Bengaluru, , Karnataka - 560 036"
Centre For Internet And Society,Children,"D-2, 3rd Floor, Shariff Chambers, 14 Cunningham Road,Bengaluru - 560052"
Centre For Population Dynamics,Children,"The Centre for Population Dynamics , No. 312, Cauvery Block A4, , National Games Complex , Koramangala,Bengaluru 560047"
Centre For Urban And Rural Development,Children,"Center for Urban and Rural Development, 181, canara bank colony, Nagarabhavi main Road,Bengaluru-560072"
Chandrashekar Azad Youths Association,Children,"ANUGRAH 6,VIth block BEL Layout, SKDP Temple Road,VidyaranyapuraBengaluru 560097"
Child Empowerment Foundation India,Children,"CEFI Studio, 785, 2 Cross, Ayappa Layout Munnekolalu, Maratahalli"
Child Fund India,Children,"22 Museum Road,Bengaluru 560001"
Child Fund India,Children,"Post Box No. 5054, 22, , Museum Road,Bengaluru 560 001, , Karnataka, India"
Communication For Development And Learning,Children,"11/A, 7th Cross, 17th Main, Koramangala 6th Block,Bengaluru-560095"
Concern For India Foundation,Rural Development & Poverty Alleviation,"No. 8, 1st Cross, Sri Sai Nagar, Arehalli Village, Utharahalli"
Creative Cultural Youth Academy,Vocational Training,NO 932 JAKKURLAYOUT JAKKUR MAIN ROAD OPP TO A N T ACADEMYBengaluru NOTHBengaluru-560064
Cshemr,Health & Family Welfare,"No.34, Sajjan Rao Road, V V Puram,Bengaluru - 560004."
Cshemr Trust,Health & Family Welfare,"No.34, Sajjan Rao Road, V V Puram,Bengaluru - 56004."
Dhaatu,Rural Development & Poverty Alleviation,"3944/F, 17th D cross, 4th Main, BSK II stage,Bengaluru - 560070"
Dinesh Joshi Foundation,Vocational Training,"NO14, SRI SAMARTHA, 60FEET ROAD, PATTEGARAPALYA MAIN ROAD, , VIJAYANAGAR,"
Divine Educational And Charitable Trust,Children,"SKIP HOUSE ANNEXURE, 25/1 MUSUEM ROAD,Bengaluru 560025"
Diya Human Resource And Rural Development Trust,Children,"001 INLAND EXOTIC, 14- BENSON TOWN,Bengaluru - 560046"
Dr Ambedkarcharitabletrust,Children,"No.441, 19th main M.E.I Layout. Behind S.R.S stores, Sidedahalli main road, Bagalagunte, Nagasandra Post,Bengaluru - 560073"
Dr B R Ambedkar Sri Ramalingeshwara Health Rural Education Youth Awerness And Art Developmentsociety,Vocational Training,"DR B R AMBEDKAR SRI RAMALINGESHWARA HEALTH RURAL EDUCATION YOUTH AWERNESS AND ART DEVELOPMENTSOCIETY, UDDARAMANAHALLI CROSS, NAADUR POST, SIRA TQ, TUM"
Dr Raja Ramanna Childrens Science Association R,Children,"Dr.Raja Ramanna Childrens Science Association R, No.21/1, 1st Floor, Aradhya Complex,Vani Vilas Road, Basavangudi,Bengaluru-560004"
Dr S R Chandrasekhar Institute Of Speech And Hearing,Children,"The Director, Dr.S.R.Chandrasekhar Institute of Speech and Hearing, Hennur main road, Lingarajapuram,Bengaluru - 84"
Drushti Foundation,Health & Family Welfare,"Drushti Foundation, Behind Akkamahadevi College"
Durga Education Society R Chitradurga,Children,"G S LOKESHAMURTHY, DURGA HIGH SCHOOL , HEAD MASTER, MOLAKALMURTHY"
Dyanodaya Womens Education Social Welfair Society,Children,"MRS.SHEIKH .N.B., With President / CEO \t C/O .SHRI.L.H.NADAF. :, HOUS NO.1833,HOLIKATTI GALLI,ATHANI.\t\t, TAL : ATHANI, DIST: BELGAUM. \t KARNATAKA"
Ed Varsity,Vocational Training,"12,Santha Paradise,121 Wheeler Road,Cox town,Bengaluru-560005,India"
Elcia Trust,Children,"ELCIA TRUST, S.NO.7(P),ELECTRONICS CITY-WEST PHASE, HOSUR ROAD,Bengaluru ,KARNATAKA., 560100"
Emmanuel Orphanage And Childcare Center,Children,"13/1 MUNINARASIMAPPA GARDEN, BTM 1ST STAGE, TAVEREKERE,Bengaluru-560029"
Exindo,Children,"No.86/3, Upstairs, between 6th&7th Cross,IVthMain, Chamrajpet,Bengaluru-560018"
Felicific Salve Hearts,Children,"No.5, 2nd Cross, 9th Main, Srinivasareddy Layout, Ramamurthy Nagar,Bengaluru - 560016"
Foundation For Action Motivation And Empowerment Fame India,Children,"Foundation for Action, Motivation and Empowerment (F.A.M. E. India), No. 156, 36th Cross, 2nd Main, Jayanagar 7th Block,Bengaluru, Karnataka 560082"
Functional Vocational Training And Research Society,Vocational Training,"Functional vocational Training and Research Society, 19, 3rd Cross, Hutchins Road, St. Thomas Town Post,Bengaluru 560 084"
Gaanaganga,Vocational Training,"NO.50, 5TH MAIN, POSTAL COLONY, SANJAYNAGARBengaluru-560094"
Gandharva Samskritika Kala Vedike,Rural Development & Poverty Alleviation,"GANDHARVA SAMSKRITIKA KALA VEDIKE (R) , NO. 22, VEERABHADRA, 1ST CROSS, GOVINDAPPA LAYOUT, R.M.V. 2ND STAGE, SANJAYANAGAR POST, NAGASHETTIHALLI, BENGA"
Gloria Educational And Charitable Trust,Rural Development & Poverty Alleviation,"No.6, 3rd Floor, 9th Cross, 9th Main Road, 2nd Block Jayanagar,Bengaluru-560011"
Grama Swaraj Samithi,Drinking Water,"5, Adilakshmi Nilaya, Rajeev Gandhi Road, Jaraganahalli, J P Nagar Post,"
Green Mountain Educational And Charitable Trust,Children,"NO.1910, 2ND FLOOR 8TH â€œAâ€ CROSS , H.A.L 3RD STAGE,Bengaluru-560075"
Guard,Health & Family Welfare,"GUARD (GROUP FOR URBAN AND RURAL DEVELOPMENT), House No. 3, Block No. 7, Karnataka Government Employees Layout, Shivashakthi Road, Shakthi Nagar, MYSO"
Hasanamba Institute For Higher Education,Children,"1st floor, J.V.Ram Complex, Opp. Gokul Hotel, K.R.Puram, Hassan- 573 201"
Hejje Rural Development And Education Society,Dalit Upliftment,"president/secretary, Hejje rural development and education society, No 2261 jayanagar nelamangala,Bengaluru rural dist 562123, karnataka"
Help Child India Foundation,Children,HELP CHILD INDIA FOUNDATION NO-1031.7TH A MAIN 1ST BLOCK KORAMANGALA
Heritage,Rural Development & Poverty Alleviation,"Heritage, Chinmaya Apts, no. 1, Puttanna Road, Basavangudi,Bengaluru 560 004"
Hindu Seva Prathisthana,Children,"Head Office: Hindu Seva Prathisthana,Ajita Shree, Bull Temple Road, Basavanagudi,Bengaluru -"
Hippocampus Reading Foundation,Children,"No 525, 16th main, 3rd block, Koramangala,Bengaluru - 560034"
Holistic Development Association,Children,"No. 82/1, Near Pavithra Vidyanikethan, RMV 2nd Stage, Nagasettyhalli,Bengaluru - 560 094."
India Community Development Service Society,Children,No 726 2nd Floor 3rd Cross 2nd Stage D Block Dr RajKumar Road Rajaji Nagara Bengaluru 560010
India Health Action Trust,Children,"India Health Action Trust, 13, 1st Floor, 4th Cross, N S Iyengar Street, Seshadripuram"
India Literacy Project,Children,"India Literacy Project , 27, Narayani Apartments, 3rd Floor, Ramakrishnappa Layout, Sanjay Nagar,"
Indian Council For Diabetic Care,Health & Family Welfare,"Indian Council for Diabetic Care,14, Hennur Main Road, Kacharakanahalli,Bangaluru-560 084"
Indian Council For Professional And Vocational Education Mission,Vocational Training,"Indian Council for Professional and Vocational education Mission (ICPVEM), 14, Hennur Main Road, Kacharakanahalli,Bengaluru-560 084"
Indian Mission For Children In Crisis,Children,"No.1, Subedar Pallayam Main Road, Yeshwantpur,Bengaluru-560022"
Indian Social Institute,Women's Development & Empowerment,"INDIAN SOCIAL INSTITUTE, 24 Benson Road, Benson Town,Bengaluru 560 046, Karnataka"
India Vision For Global World,Children,"No.134, M.R.S. Palya, Nandidurga Road, Benson Town Post"
Inmex Trading Company,Health & Family Welfare,"NO.22,20TH CROSS , SIR M V NAGAR , RAMMURTHY NAGAR ,Bengaluru -560016"
Institute Of Public Health,Health & Family Welfare,No250 Masters Cottage 2nd C Main 2nd C cross Girinagar 1st phase
International Services Association Insa India,Children,"5 bar1 Benson Cross Road, Benson Town, 560046"
International Sri Malaimahadeshwar Service Organisation Trust,Women's Development & Empowerment,"INTERNATIONAL SRI MALAIMAHADESHWAR SERVICE ORGANISATION TRUST, NO.210, 7th CROSS, 6th MAIN, INDUSTRIAL TOWN, RAJAJI NAGAR,Bengaluru-560010"
Jagathika Nagara Mattu Grameena Aadaaya Abhivruddi Samsthe,Health & Family Welfare,"Corporate office : 51,4th main 4th cross N R ColonyBengaluru 560019"
Jagruthi Welfare Of Poor Women,Children,"JAGRUTHI WELFARE OF POOR WOMEN, HOUSE NO. 1382, 3RD MAIN, 10TH CROSS, VIVEKANANDA NAGAR, MYSORE- 570023, KARNATAKA"
Jana Kalyana Trust,Dalit Upliftment,"Jana Kalyana Trust, 402, I Mail, I Stage, II Block, H.B.R Layout,Bengaluru 560043"
Jayamma Charitable Trust,Vocational Training,"No 6,5th Main 10th C cross NagapuraBengaluru-506086"
Jeevan Prakash Education Society,Children,"Plot. No. 9-6-242/243, C/o. Ramesh Panday, First Floor., Plot. No. 9-6-242/243,Behind Raita Bhavan, Gandhi Ganj"
Jeevarathni Foundation,Children,"20, Trinity Orchards, Geddalahalli,Bengaluru - 560043"
Jenukallu Womens Multi Purpose Cooperative Society,Women's Development & Empowerment,"54 , 3RD MAIN ,NETAJI CIRCLE, J.S NAGAR, NANDINI LAYOUT ,Bengaluru-560096,KARNATAKA,INDIA."
Jnanamfoundation,Children,"No.209, 9th Block, Maruthi Layout, Near Saraswathi Vidya Mandir, Anekal â€“ 562 106"
Jubilant Star Charitable Trust,Health & Family Welfare,"no 619,4th main,meenakshinagar , kamakshipalya ,Bengaluru-79"
Jude Felix Hockey Academy Charitable Trust,Children,"68/31 DODDAIAH LAY OUT, JOGUPALYA HALASURU"
Kalasindhu Academy Of Dance,Children,"KALASINDHU, No.12, 1st East Main Road, ITI Layout, Next to Shivaranjani Apartments, Banashankari 3rd stage,Bengaluru - 560070"
Kalasindhu Academy Of Dance And Related Arts,Children,"No.12, 1st East Main Road,ITI Layout, Banashankari 3rd Stage,Bengaluru-560070"
Kamaluddin Charitable Trust,Children,NO 48 WELLINGTON STREET RICHMOND TOWN
Kannadi,Children,"No 170, V C N Complex, Ground Floor, 1st Main Road, Sheshadripuram,Bengaluru-560020"
Karnataka Goods Transporters Association,Health & Family Welfare,"No. 12/A, B.G.S Raja Mansion, 2nd Floor, 5th Cross, 2nd Main, Kalasipalyam, New Extn, ,Bengaluru"
Karnataka Kidney Health Foundation Trust,Health & Family Welfare,"KARNATAKA KIDNEY HEALTH FOUNDATION TRUST, No 392, LAKSHMI NILIYA, BAICHNAHALLI FIRST STAGE"
Karnataka Ranga Jagruthi Parishattu,Vocational Training,"No.275, Mahamane, BCC Layout, 2nd Stage, Chandra Layout, Vijayanagar"
Karnataka Regional Organisation For Social Service,Women's Development & Empowerment,"Karnataka Regional Organisation For Social Service Kross , 58 6 2nd Cross Da Costa Layout, Wheeler Road Extension, St Thomas Town Bengaluru 560 084, K"
Karnataka State Council For Child Welfare,Children,"Karnataka State Council for Child Welfare, 135, 3rd Cross, Nandi Durga Road, Jayamahal Extension,Bengaluru - 560046"
Karnataka State Skill Development Mission,Health & Family Welfare,"Ravi Shanker, 712, 15th A Main, New Town, Yelahanka"
Karnataka Welfare Federation,Rural Development & Poverty Alleviation,"15,rajiv gandhi road,jaraganahalli,k.p.main road,Bengaluru 78"
Karnataka Womens And Childs Welfare Educational Society,Women's Development & Empowerment,"154/1,385 , A BLOCK,3RD CROSSS,SUBHASHNAGAR,BEGUR POST,SINkwcsGSANDRA POST,HOSUR ROAD,Bengaluru-560068"
Karuna Trust,Vocational Training,"Karuna Trust, Jayanagar, 4th, T- Block, 686, 16th Main,Bengaluru560041"
Kaveri Urban And Rural Development Organization,Rural Development & Poverty Alleviation,"Kaveri urban and Rural Development Organization, 1st Main 1st Stage, behind Fire Station Gokula, Tumkur-572104"
Kmd International Education Trust,Children,"2, St. Johns Church Road,"
Kote Foundation,Children,"No 67-68/51, Sudev Complex, 1st Floor, South Cross Road, Basavanagudi,Bengaluru, Karnataka, 560004"
Kripa Revival Centre,Health & Family Welfare,"No.1/1, Narayanswamy Building, Dasarahalli -H.A Farm Post,Bengaluru â€“ 560024. India"
Ksmta,Health & Family Welfare,"N0 2619, 36th ""A"" Cross 4th T Block 26th Main JayanagarBengaluru 560069"
Leading Light Ministries Trust,Children,"Leading Light Ministries Trust, No.!, Kings Court, 5th Main, 4th Crosss, Hampinagar,Bengaluru-560104"
Lokasevashrama Trust Regd,Vocational Training,Alambadi V PO Malur Taluk Kolar District 563130
Lokee Foundation,Women's Development & Empowerment,"LOKEE FOUNDATION, (LATE SREE C VENKATE GOWDA MEMORIAL TRUST), BALUVANAHALLI, VENKATAPURA(POST), SIDLAGHATTA(TALUK), Chikkaballapur(DIST)"
Lovedale Foundation,Children,"Admin Office, 51,8th Main , Horamavu Main Road, Kalyan Nagar,Bengaluru 560043"
Maa Trust,Health & Family Welfare,"M-27, 5TH CROSS, GANDHINAGAR, SHAMPURA VILLAGE,Bengaluru"
Maha Bodhi Society,Children,"Maha Bodhi Society, 14, Kalidasa Road, Gandhinagar, Bengaluru - 560009"
Mahatma Gandhi Vidya Peetha Trust,Health & Family Welfare,"MAHATMA GANDHI VIDYA PEETHA TRUST, DAYANANDA SAGAR EDUCATIONAL INSTITUTIONS, SHAVIGE MALLESHWARA HILLS, KUMARASWAMY LAYOUT,Bengaluru 560 078"
Malayachala Mahadeshwara Education Society,Children,"Malayachala Mahadeshwara Education Society , No.30,5th Cross,Rajiv Gandhi Nagar,Sunkada Katte,Bengaluru-560091"
Manav Charities,Vocational Training,"MANAV CHARITIES, No.66, Kammagondanahalli, , Jalahalli West,Bengaluru-560 015."
Manomay Charitable Trust,Children,"no 7, muneshwara nagar, ullal main road,Bengaluru, Karnataka - 560056., India"
Margadarshi,Micro Finance (SHGs),"SHIVANAND M BHASAGI, CHIEF FUNCTIONARY/GENERAL SECRETARY, MARGADARSHI, MARGADARSHI RESIDENTIAL SCHOOL FOR THE BLIND, NEAR MR. GIRISH KULKARANI HOUSE,"
Margadarshi Mahila Samaja,Micro Small & Medium Enterprises,"NO.114, 6TH CROSS, NARASIPURA LAYOUT, VIDYARANYAPURA,Bengaluru - 560 097."
Margadarshi The Association For Physically Challenged,Children,"75/6., Hulkul Complex, Lalbagh Road ,Bengaluru - 560 027"
Maya Movement For Alternatives And Youth Awareness,Health & Family Welfare,"25/1-4, 19th A Main, 9th Cross,J.P Nagar 2nd Phase -Bengaluru- 560078"
Medico Pastoral Association,Health & Family Welfare,"47, Pottery Road, Fraser Town,Bengaluru - 560 005."
Medico Pastoral Association,Health & Family Welfare,"47, Pottery Road, Fraser Town, ,Bengaluru-560005"
Megha Welfare Association,Children,97 Dr Masthi venkatesh iyengar raod gavipuram extionsion
Microfinance Innovation Trust,Micro Finance (SHGs),"No 85, Giridarshini, 1st Floor, Mount Joy Extensionk, Hanumanthnagar,Bengaluru 560019"
Mithrafoundation,Children,"Mithra Foundation, 290/7, Venketaramiah Lay out-II cross, Banaswadi,Bengaluru 560043, karnataka."
Montfort College Society,Children,"Montfort College Society, , 184, Old Madras Road, Indira Nagar,Bengaluru - 560 038"
Muniyamma Foundation,Women's Development & Empowerment,"MUNIYAMMA FOUNDATION, NO 6, 5TH MAIN, 10TH C CROSS, NAGAPURA, MAHALAKSHMIPURAM,Bengaluru 560086"
My Bhumi,Drinking Water,"25 / 25,Benaka Arcade, 1 st. Floor, 1st. Block, BEL Layout, Vidyaranyapura,Bengaluru - 560097"
Namm Halli Theater,Vocational Training,"MANJUNATH SWAMY, CITB-188, 2ND MAIN, 1ST CROSS, VINOBHA NAGAR, POLICE CHOWKI"
Natanam Charitable Trust,Vocational Training,"No 784, 9th Main Road, 3rd Block, Koramangala,Bengaluru - 560034"
Navachetana,Micro Finance (SHGs),"8-6-77,Parwathi Nivas J P Nagar, Jawada Road Bidar, 585401"
Nava Jyothi Foundation,Children,"Shree Vimaleshwar Krupa Ho. No. 1-1-16 W, Kathyayani Nagar, , Udupi -576102"
Need Trust,Children,"48, Bhoopolam, Manjunath Nagar, 15th Cross, Subabi Lane, Behind Bharat Petrol Bank, Hormova Post, Kolkere Main Road,Bengaluru"
Nethajividfyasamsthe,Rural Development & Poverty Alleviation,"Nethaji Vidya samsthe (19/1990-91), Chikkanahalli Hosabadavane , Nittuvalli, Davanagere -577004, Karnataka"
Noble Organization,Children,"25/1 9th Main, 2nd Cross, K.G. Colony, GM Palya, 5600075"
Noel Public Charitable Trust,Children,"No 37, 8th cross, 2nd A Main, Vignan Nagar, New Tippasandra P.O."
Odissi Dance Centre Trust,Children,"Nrityagram, Hessaraghatta P.O."
Om Maruthi Vidya Samste,Children,"No.948,3rd A cross,Hrbr I block,Kalyananagar,Bengaluru 43"
Outreach Association Of Volunteers For Rural Development,Children,"205,HBR Layout,1st Stage extension,2nd block,80 feet road,Bengaluru-560043"
Outreach Association Of Volunteers For Rural Development,Drinking Water,"OUTREACH Association of volunteers for Rural development, 205,HBR layout 2nd block 80 feet roadBengaluru 560043"
Padarayanapura Residents Welfare Trust,Labour & Employment,"NO.19/6, 11TH CROSS, PADARAYANAPURA,Bengaluru-560026"
Pandit Narasimhalu Vadavati Music Academy,Vocational Training,"14/1, Janakiramaiah Nilaya, , 13th Cross, 8th Main, M.T. Layout, Malleswaram, , Bengaluru 560 003"
Parihaar Foundation,Women's Development & Empowerment,"2992, 2nd Main, 17th Cross, BSK 2nd Stage,Bengaluru - 560 070"
Parihar,Children,"PARIHAR, OFFICE OF THE COMMISSIONER OF POLICE, NO 1 INFANTRY ROAD,Bengaluru 560001"
Parivarthan Counselling Training And Research Centre,Children,"3310, 1st Floor, 8th Cross, 13th Main, HAL 2nd Stage,Bengaluru 560008"
Patel Rehabilitation And Education Empowerment Trust,Children,"PATEL REHABILITATION AND EDUCATION EMPOWERMENT TRUST {PREET}(estd 2006) , \tâ€˜Bâ€™ Narayanpura, ITPL main road, Nr.K.R.Puram Rly Stn,"
Prabudha Sikshana Grameeniabhirudhi Samaste,Children,basaveshwar nagar shahapur dist gulbarga pin 585223
Prabudha Sikshna Grameenabhirudhi Samste,Children,Basaveshwar nagar old tahsil off near court shahapur dist gulbarga 585223
Pragathi Education And Development Socity,Children,"No, 28 Indira Nagara, yeluvahalli road, vijayapura town, devanahalli taluk 562135"
Prakruthi Welfare Foundation,Children,"PRAKRUTHI WELFARE FOUNDATION, 2145 8TH B MAIN 3RD PHASE YELAHANKA NEWTOWN"
Pramod Educational Trust,Children,"35,OPP.R.V.ENGG COLLEGE,MYSORE ROAD,Bengaluru-560059,KARANATAKA,INDIA"
Pratheksha,Children,"1036/6,Second Stage, 7th Main, HAL 2nd Stage,"
Priyanka Urban And Rural Development Organization R,Rural Development & Poverty Alleviation,"Priyanka Urban and Rural Development Organization R, No.8 6th main Road Near Gangamm Temple ganganagar R.T.Nagar Post,Bengaluru-560032."
Provision Asia,Children,"727, 2nd Main, 2nd Cross, Chinnanna Layout,Kaval Byrasandra, R.T Nagar Post,Bengaluru 560032"
Provision Asia,Children,"proVISION ASIA, No.727,2nd Cross, 2nd Main, Chinnanna Layout, Kaval Byrasandra, R T Nagar, PO."
Pruthvi Foundation,Children,"No. 5, 7th Cross, Gajendra Nagar, Adugodi,"
Puttenahalli Neighbourhood Lake Improvement Trust,Children,"B3, 502, South City, Arekere Mico Layout, Off Bannerghatta Road,Bengaluru 560076"
Racsha,Children,"No.12, Arogyappa Layout, Mestripalya, behind Manyata Teck Park, Rachehanall Main Road,Bengaluru - 560077"
Rangakahale,Children,"No.35, 2nd main, 2nd cross, Banashankari 5th stage, Uttarahalli, 560061"
Reach Charitable Trust,Children,"14, Heerachand Road, Cox Town,Bengaluru 560005"
Reach Charitable Trust,Nutrition,"14, Heerachand Road, Cox Town,Bengaluru 560005"
Rural Development InstituteBengaluru,Rural Development & Poverty Alleviation,"1820, 6th Cross, Judicial Layout, GKVK Post"
Safaikaramchari Rehabilitation Andolanand Urdo,Health & Family Welfare,N6331st main Nethra nilaya Giri nagar Kyathsandr post tumkur 572104
Sahaya,Health & Family Welfare,"66,1ST MAIN 4TH CROSS 1ST PHASE 2ND STAGE CHANDRALAYOUT VIJAYANAGER"
Samarthnam Trust For The Disabled,Children,"CA:39, 15th Cross, 16th Main, Sector - 4, HSR Layout,Bengaluru - 560102 Karnataka, India"
Sambhav Foundation Blr,Vocational Training,"No 25/1-4, 19th A main Road, 9th cross, JP Nagar, 2nd Phase,Bengaluru -560078"
Samraksha,Health & Family Welfare,"Samraksha, No. 11, SREENIVASAM, 6TH Main, A Cross-, , Bull Temple Road,Bengaluru â€“ 560 018"
Samraksha,Children,SAMRAKSHA NO 17 3RD MAIN 1ST CROSS SBM COLONY ANAND NAGARBengaluru 560024
Samruddhi Service Society,Women's Development & Empowerment,"SAMRUDDHI SERVICE SOCIETY(R), CTS NO 4859,B/36, 2ND MAIN 7TH CROSS , SADASHIVANAGAR , BELGAVI 590019"
Samskrita Bharati Karnataka Trust,Children,"Aksharam, 8th Cross, 2nd Phase, Girinagar"
Samuha Foundation,Children,"No 158/A, 9th Cross, 3rd Block, Thyagarajanagar,Bengaluru-560028"
Sankalp India Foundation,Health & Family Welfare,"304, Floor 3, Chamundi Emerald, Opp Balmuri Ganesha Temple, 7th Cross, 1st Main, NS Palya, BTM Stage II,"
Sapthagiri Urban And Rural Development Socity,Micro Finance (SHGs),S S Patil SAPTHAGIRI URBAN AND RURAL DEVELOPMENT SOCIETY Basavanagar Ward No 5 Near Court Hungund Town District Bagalokot 587118
Saraswati Mahila Mandal,Vocational Training,"No. 4-8-62, Vijayamahenteshwar Nagar, , Near Ambedkar Circle, Ganj, Bhalki, Bidar - 585328"
Sardar Vallabhai Patel Society,Health & Family Welfare,"SARDAR VALLABHAI PATEL SOCIETY, no 6B Kote NCMR building Karthik nagarBengaluru 560037"
Sarthaka Cultural Education And Charitable Trust,Health & Family Welfare,"No: 313, Andrahalli Main Road, Maruthi nagar, Hegganahalli West, Vishwaneedam Post,Bengaluru-560 091,"
Sarvasumana Association,Health & Family Welfare,"1188/20, 3rd Floor, 26th Main, 9th Block, Jayanagar"
Sarvasumana Association,Health & Family Welfare,"1188/20, 3rd Floor, 26th Main, 9th Block, Jayanagar"
Sarvojana Seva Trust,Women's Development & Empowerment,"1253,9th,cross,R.K.Hegdenagar,SRKnagar post,Bengaluru-77"
Sathi Organisation,Children,"SATHI, NO. 36, RATNA FOREVER BUILDING, 4TH FLOOR, 1ST FLOOR, MODEL COLONY, ABOVE NEW BESCOM OFFICE, YESHWANTHPUR,Bengaluru 560022"
Scord Trust,Health & Family Welfare,"No 5, 3rd Floor, 4th Main, 9th Cross, Malleshwaram 560003"
Sharp Education Trust,Children,"No.6 1ST FLOOR SRI RAMA TEMPLE STREET VENKTESHPURAM. NAGAWARA MAIN ROAD,Bengaluru"
Shivafoundation,Children,"NO 471,11th main, M.C layout,vijaynagarBengaluru-40"
Shree Ramana Maharishi Academy For The Blind,Children,"Shree Ramana Maharishi Academy for the Blind, C.A. 1 - B, 3rd Cross, 3rd phase, J.P.Nagar,Bengaluru-560078"
Shreyas Centre For Humanity Urban And Rural Development,Children,"SHREYAS CENTRE FOR HUMANITY URBAN AND RURAL DEVELOPMENT, HIG 1219, 8th B Cross, 7th B Main, Above V B Bakery, Near RTO office, Yelahanka New Town,Bang"
Shri J G Co Operative Hospital And Research Institute Ltd,Health & Family Welfare,Dr. Gangadhar Nagar Distict Belgaum Karnataka
Shri Nimishambhadevi Cultural Yuvaka Sangha,Children,"Shri Nimishambhadevi Cultural Yuvaka Sangha , Vanamalaiah Building, Shagale577002"
Sidharth Integrated Rural And Urban Development Society,Rural Development & Poverty Alleviation,"SIDHARTH INTEGRATED RURAL AND URBAN DEVELOPMENT SOCIETY , H.NO.135-B, OPPOSITE DARGA,GUBBI COLONY, SEDAM ROAD GULBARGA-585105"
Sneha Charitable Trust,Children,"Snehadaan , Ambedkar Nagar, Sarjapura road, , Carmelaram PO ,Bengaluru - 35 , Karnataka"
Snehadhara Foundation,Children,S-14 MEENAKSHI RESIDENCY AREKERE BANNERGHATTA ROADBengaluru 560076
Sneha Sinchana Trust,Rural Development & Poverty Alleviation,"Sneha Sinchana Trust (regd), No 41, 1st main road,Kamalanagar .Bengaluru 560079"
Sneha Trust,Children,"SNEHA TRUST, Moorandahalli village, Arahalli post, Kolar taluk& District, Karnataka-563101"
Social Health And Educational Development Society,Health & Family Welfare,"Dr Channappa Hosptial, Gangammagudi Road, Bagepalli -561207, Chikkaballapurrict, Karnataka State."
Social Service Guild,Children,"The Director, Social Service Guild, Kristu Jyoti College, Bosco Nagar, K.R. Puram,Bengaluru - 560 036"
Society For Action In Rural Development Technology,Children,"KHB colony,lig 124,bidar 585401,karnataka"
Society Of Sisters Of The Holy Cross,Children,"Holy Cross Provincialate, Medico Social Centre, Maruthi Nagar 1st Cross, Madivala,Bengaluru 560 068, Karnataka"
Society Of Sisters Of The Holy Cross,Children,"Society of Sisters of the Holy cross, Medico Social Centre, Madivala New Extension ,Bengaluru 560 068"
Socioeconomic Development And Research International,Rural Development & Poverty Alleviation,"No.41, 1A cross, 6G main, Gauravanagar, JP nagar 7 phase,Bengaluru -560078"
Sparshatrust,Children,"SPARSHA TRUST, NO.6 GROUND FLOOR, 6TH CROSS, , SBM COLONY, BRINDAVAN NAGAR, , MATHIKERE,Bengaluru 560054"
Sri Guru Swayam Seva Samithi,Women's Development & Empowerment,"Sri guru swayam seva samithi., no-63/1,j.s.nagar, Nandini layout,Bengaluru-560096, Karnataka,INDIA."
Sri Keshava Trust,Health & Family Welfare,"c/o Vittala International Institute of Ophthalmology , Site 1,2nd main 2nd cross hoskerehalli 7th block Banashankari III stageBengaluru 560085"
Sri Krishna Association,Children,"S R Neelamma, W/O V M Thippanna, Venkatapura village & post, via.melur, Shidlaghatta taluk, Chikaballapur District, Pin code 562102"
Sri Saraswathi Education And Rural Development Society,Children,"56, 2nd main, behind idgah maidan, vivekanandanagar, hoskote town,Bengaluru rural dist."
Sri Shanakra Cancer Foundation,Health & Family Welfare,"Sri Shankara Cancer Foundation, 1786 Sriniketana 34th cross 14th main Banashankari II Stage"
Sri Sharada Sevika Mandali,Children,"Sri Sharada Sevika Mandali, No. 46, Ranga Rao Road, Shankara puram,Bengaluru- 560004"
Sri Sri Rural Development Programme Trust,Rural Development & Poverty Alleviation,"SRI SRI RURAL DEVELOPMENT PROGRAMME TRUST, THE ART OF LIVING CENTRE, 21 KMS, KANAKPURA ROAD, VILLAGE UDIPALIYA,Bengaluru-560082"
Sri Sudharana Rural Development Organization,Rural Development & Poverty Alleviation,"Niketan Consultants , 583/A/37, 3rd Cross 10th Main, Banashankari 1st Stage, II Block Srinivas Nagar,Bengaluru- 50, Ph : 080-55313497 , Fax : 080-266"
Sri Sudharana Rural Development Organization Reg,Rural Development & Poverty Alleviation,"Sri Sudharna Rural Development Organization.Reg., C/oNiketan Consultants, 583,10th main,Banashankari 1 st stage II Block srinivas Nagar,Bengaluru -50"
Sri Sukhatheertha Pratishtanam,Children,"No. 731, 6th Cross, 3rd Phase, 3rd Block, BSK 3rd stage, Kempegowda Layout, Bengaluru - 560085"
Sri Vidya Vikasa Kendra,Children,"Sri Vidya Vikasa Kendra, 17, Mullur Village,Kodathi Gate, Sarjapur Road,Bengaluru - 560035"
Srivijayakalanikethana,Vocational Training,"Srivijaya Kalanikethana trust, Rajendra nagar,6TH CROSS."
Ss Khuba Foundation For Public Service And Development Organization,Children,H No 8-11-224 SBH Colony KEB Road near Hanuman Temple
Stone Cutters Mud Workers And Unorganized Labor Welfare Association,Labour & Employment,"T.S.Chandrashekar, President, Stone Cutters Mud Workers Unorganized Labor WelfareAssociation, No 43 Ground Floor, 6 Main Road Kempamma Badavane, Mariy"
Sumanahalli Society,Children,"SUMANAHALLI SOCIETY, MAGADI ROAD, VISWANEEDAM POST"
Sundara Social Welfare And Charitable Society,Women's Development & Empowerment,"135, Shyam Nilaya, 5th main, Padmanabhanagar,Bengaluru-560070"
Sundara Social Welfare And Charitable Society,Rural Development & Poverty Alleviation,"SUNDARA SOCIAL WELFARE AND CHARITABLE SOCIETY, 135, Shyam Nilaya, 5th main, Padmanabhanagar,Bengaluru-560070"
Suraksha,Children,"Suraksha, 603, SLR MAnsion, Tf-3, 15th Main, 3rd Stage, 1st Block, Basaveshwara Nagar,Bengaluru - 560 079"
Surya Foundation,Health & Family Welfare,"SURYA FOUNDATION , TUNGABHADRA COLONY 1ST CROSS, SAPTAPUR LAST CROSS, K.U.D ROAD, DAHRWAD-580001"
Swagath Education And Community Action,Children,"864, ""Nandana"", 13th Main, 7th Cross, Srinagar - 560050"
Swami Vivekanadan Rashtra Seva Trust,Children,"Sy.No.347, Somashekhara Reddy Estate,Â , Hulimangala Village, Jigani Hobli, Anekal Taluq,Bengaluru, 560105"
Swamy Vivekananda Youth Association,Children,"1ST FLOOR, AJBJ COMPLEX, OLD POST OFFICE ROAD, NEAR SYNDICATE BANK, ANEKAL TOWN-562106"
Swarga Rural And Urban Development Trust,Children,"No.181, 1st Floor, Canara Bank Colony, Nagarabhavi Main Road,"
Swashakthi Women And Child Welfare Organisation,Women's Development & Empowerment,"Poornima, Swashakthi Women And Child Welfare Organisation, 16/44, 11th Cross, Padnabhanagar (near hashmitha residency)"
Tajphool Minoritys Education Society,Children,"Tajphool minoritys education society, Akkipete , Shiralkoppa, Shikaripura taluk, Shimoga"
Talent Search Foundation,Children,"Talent Search Foundation , No 22 Tanya Tower, Pampa Ext , Hebbal Kempapur , Banaglore -24"
Telerad Foundation,Health & Family Welfare,"JASBIR SINGH, TELERAD FOUNDATION, C/O TELERADIOLOGY SOLUTIONS , 7G , OPP GRAPHITE INDIA, WHITEFIELD,Bengaluru"
TheBengaluru School Of Music And Fine Arts,Children,"No. 8, HMT/HBCS Layout, CBI Road, R.T Nagar Post"
The Churches Council For Child And Youth Care,Children,"cccyc, 26 Lavelle Road"
The Sacred Heart Brothers,Children,"The Sacred Heart Brothers, BIRDS, BIRDS Campus, Geddalahalli, Kothanur Post,Bengaluru - 560077"
The Servite Society Of The Congregation Of Servants Of Mary The Mother Of SorrowsBengaluru Servite,Children,"No.5, Davis Raod, St.Thomas TownBengaluru 560084"
The United Karnataka Charitable Trust,Health & Family Welfare,"no 16/5, 428. B.5.A B MANSION, DR A P J Abdul Kalam road, omer nagar, A C post,Bengaluru 560045"
Trinity Care Foundation,Children,"No. 74, 4th Main Road, Viveknagar Extension,Bengaluru 560047."
Trinity Christian Association,Children,"17, Vijayanagar Extension"
Trust For Rural Upliftment Strategies,Children,"Trust for Rural Upliftment STrategies , No. 6-E-1, Sri Krishna Mandira, 27th Cross, 3rd C Main, Sri Raghavendrea Layout, HULIMAVU,Bengaluru 560 076"
T S Charitable Trust,Women's Development & Empowerment,"T S Charitable Trust (R), No. 8, Sri Mahalakshmi Bhavana, Sri Sathya Sai Colony, Basavanna Nagar Main Road, Hoddi, Mahadevapura Post,Bengaluru - 48."
United Karnataka People Welfare And Development Society,Children,131 ARMSTRONG ROAD BHARATI NAGARBengaluru 560001
Urban Research Centre,Children,"E 1, Maithree Apartments, 6th Main, 15th Cross, Malleswaram,Bengaluru-560003."
Vasantharatna Foundation For Arts,Children,"7/21, Sankey Road, Lower Palace Orchards,"
Vidyanikethan,Children,"Jaraganahalli, 6th Phase, J.P.Nagar,Bengaluru-560078."
Vimukti Trust,Dalit Upliftment,"Vimukti Trust, 1289, ISEC Road, Nagarabhavi Village and Post"
Vishwalaya,Children,Ravugodlu village Bolare P O Kanakapura RdBengaluru South Pin-560082
Water Literacy Foundation,Urban Development & Poverty Alleviation,"Ayyappa,347, parvathi nilaya, kallappa layout, Amruthahalli, Sahakarnagar post,Banglaore560092"
Weight Loss Wonder Foundation,Health & Family Welfare,"E-16, Sriram Sadhana, Gokula, MSR Road,Bengaluru 50054"
Wisdom Foundation,Children,"Wisdom Foundation, 449, Behind Govt. school, off outer ring road, Mahadevapura,Bengaluru - 560048"
Yaabaa Academy,Dalit Upliftment,"Yaabaa Academy, , C/o, Mr. Muralidhar V Rathod, No.292, First Floor, 2nd Cross, 10th Main, , BEML Layout, 5th Stage, Rajarajeshwari Nagara,Bengaluru"
Yuva Ignited Minds,Drinking Water,"No:9, B.V.K Iyengar Road, Sankla Mansion, Chickpet,Bengaluru 560053"
Yuvalok Foundation,Children,"DP Daniel, , YuvaLok Service Center, , The Ambassador, 16, 6th Cross, Hutchins Road, St. Thomas Town P.O.,Bengaluru 560032"
